{"cameraMode":{"drawMode":0,"name":"Shaded","section":"Shading Mode"},"sceneLighting":true,"audioPlay":false,"sceneViewState":{"m_AlwaysRefresh":false,"showFog":false,"showSkybox":true,"showFlares":false,"showImageEffects":false,"showParticleSystems":false,"showVisualEffectGraphs":true,"m_FxEnabled":true},"in2DMode":false,"pivot":{"x":4.822609901428223,"y":0.46323591470718386,"z":8.406903266906739},"rotation":{"x":-0.17862114310264588,"y":-0.26043930649757388,"z":0.04908481240272522,"w":-0.9476068615913391},"size":12.124354362487793,"orthographic":false}